Discord ID,Post Count,Events Count,Total XP to Remove,Status
322446934633611264,1,12,375,DRY RUN
1032242494659895296,2,11,360,DRY RUN
830005527743561739,2,9,225,DRY RUN
919190484050649108,0,5,175,DRY RUN
919281104781996072,0,5,175,DRY RUN
919267958591750166,0,5,175,DRY RUN
1027537764960440431,0,5,175,DRY RUN
1026128144354263040,0,5,175,DRY RUN
918964000488820736,0,5,175,DRY RUN
918573629774659645,0,5,175,DRY RUN
703194194575097918,0,7,165,DRY RUN
1099059852183081134,1,7,165,DRY RUN
964951542199365642,0,7,165,DRY RUN
1100151777518690417,0,7,165,DRY RUN
914151231004483594,0,5,165,DRY RUN
919183920094937089,0,5,165,DRY RUN
965018529428553768,0,7,160,DRY RUN
1024058383365570660,0,5,160,DRY RUN
1075497803901571182,0,8,155,DRY RUN
1075509623974543442,0,7,155,DRY RUN
1125716588159565916,0,6,150,DRY RUN
1092148008000442420,2,6,150,DRY RUN
1125723103536885780,1,6,150,DRY RUN
919267425277599824,0,4,150,DRY RUN
1159737104679587932,0,4,150,DRY RUN
1027499648505610291,0,4,150,DRY RUN
918551455860940870,0,4,150,DRY RUN
1018798316353486919,0,4,150,DRY RUN
1027446231502442537,0,4,150,DRY RUN
1164232851370279004,0,4,150,DRY RUN
1169339164425207821,0,4,150,DRY RUN
1166369346864549998,0,4,150,DRY RUN
892845257635528735,0,4,150,DRY RUN
1169357917238067280,0,4,150,DRY RUN
1168508625145303181,0,4,150,DRY RUN
1167478162968547498,0,4,150,DRY RUN
1168522449076371527,0,4,150,DRY RUN
914427305206632458,0,4,150,DRY RUN
1166026745921675356,0,4,150,DRY RUN
1166367228086734909,0,4,150,DRY RUN
1164232936648876132,0,4,150,DRY RUN
1166052597543743610,0,4,150,DRY RUN
1027537740079828992,0,4,150,DRY RUN
1169354101730066532,0,4,150,DRY RUN
875627016332910644,0,4,150,DRY RUN
1027426658698932314,0,4,150,DRY RUN
1166057586341183590,0,4,150,DRY RUN
1183535652776726660,0,4,150,DRY RUN
927612234442633357,0,5,140,DRY RUN
1168630483689668658,0,4,140,DRY RUN
1166068806456709191,0,4,130,DRY RUN
1248217420435427341,1,5,125,DRY RUN
1199275264434253846,1,5,125,DRY RUN
1168817468844810245,0,4,125,DRY RUN
1337268754249154572,0,4,125,DRY RUN
1138802686389649418,0,4,125,DRY RUN
1200646016064561222,0,3,110,DRY RUN
1071031195263062037,1,4,100,DRY RUN
899296517263863848,1,4,100,DRY RUN
1303695152958672950,2,4,100,DRY RUN
1021733131662938132,0,4,100,DRY RUN
889955120434008065,0,3,100,DRY RUN
1027165309636984892,0,3,100,DRY RUN
919267406986244177,0,3,100,DRY RUN
1027153998463107152,0,3,100,DRY RUN
1122572649630007357,0,3,100,DRY RUN
1027515783393316884,0,3,100,DRY RUN
1122572705691082772,0,3,100,DRY RUN
1024153428148097116,0,3,100,DRY RUN
1018819098622312488,0,3,100,DRY RUN
1159496294218350743,0,3,100,DRY RUN
1018803812452012072,0,3,100,DRY RUN
1027153991185993768,0,3,100,DRY RUN
1159737000774078574,0,3,100,DRY RUN
1027532388315697172,0,3,100,DRY RUN
1027537762460635176,0,3,100,DRY RUN
1024052849342173234,0,3,100,DRY RUN
921475523140546630,0,3,100,DRY RUN
919281470424616990,0,3,100,DRY RUN
919199547195027476,0,3,100,DRY RUN
890644998666747964,0,3,100,DRY RUN
919282909460963390,0,3,100,DRY RUN
1169550865510699030,0,3,100,DRY RUN
912699645988335616,0,3,100,DRY RUN
1027446335814762507,0,3,100,DRY RUN
918955790017101895,0,3,100,DRY RUN
1169316333494739064,0,3,100,DRY RUN
1159496311289172039,0,3,100,DRY RUN
891736789168046130,0,3,100,DRY RUN
1168513204301869111,0,3,100,DRY RUN
1018813393022505020,0,3,100,DRY RUN
1024165013075808266,0,3,100,DRY RUN
1024067983200497745,0,3,100,DRY RUN
1024045646593925261,0,3,100,DRY RUN
920400396344758372,0,3,100,DRY RUN
919228293792804885,0,3,100,DRY RUN
919283823437557851,0,3,100,DRY RUN
1122572669825585243,0,3,100,DRY RUN
1027426637073096724,0,3,100,DRY RUN
1167477995712282708,0,3,100,DRY RUN
893217584646852638,0,3,100,DRY RUN
1167831238321651795,0,3,100,DRY RUN
914160332535132180,0,3,100,DRY RUN
913842521656938506,0,3,100,DRY RUN
1169184427696459798,0,3,100,DRY RUN
1166381099371462728,0,3,100,DRY RUN
1168636383112478781,0,3,100,DRY RUN
1168514951623745630,0,3,100,DRY RUN
1018566612057591870,0,3,100,DRY RUN
1164232914289053836,0,3,100,DRY RUN
1166417529418293384,0,3,100,DRY RUN
1168517232721150045,0,3,100,DRY RUN
1167828355480027260,0,3,100,DRY RUN
1164265313693618237,0,3,100,DRY RUN
1335929236137185311,0,3,100,DRY RUN
1166648405859242000,0,3,100,DRY RUN
1166326690637684756,0,3,100,DRY RUN
1169335014362710017,0,3,100,DRY RUN
1169376687029493910,0,3,100,DRY RUN
1167850232952918209,0,3,100,DRY RUN
1168559612027490346,0,3,100,DRY RUN
1159737035188355142,0,3,100,DRY RUN
1166041739774132355,0,3,100,DRY RUN
1168626635247993006,0,3,100,DRY RUN
920399572990300250,0,3,90,DRY RUN
1165279202912784464,0,3,90,DRY RUN
1165980671764860929,0,3,90,DRY RUN
1166660617353039935,0,3,90,DRY RUN
1165289169195651084,0,3,90,DRY RUN
919241471331278888,0,3,85,DRY RUN
913140528546213928,0,3,85,DRY RUN
1014052385238286346,1,4,80,DRY RUN
391295629411876864,1,4,80,DRY RUN
1329256660614774845,0,3,80,DRY RUN
910871831823679528,0,3,75,DRY RUN
945885240411435092,1,3,75,DRY RUN
889712079102152725,0,3,75,DRY RUN
1077193182065987614,1,3,75,DRY RUN
1027537771046387712,0,2,75,DRY RUN
914405336708939807,0,2,75,DRY RUN
1027624286220992663,0,2,75,DRY RUN
919318850988802120,0,2,75,DRY RUN
1337277478837948487,0,3,75,DRY RUN
1024165929631875142,0,2,75,DRY RUN
900378536987205633,0,2,75,DRY RUN
1159496385918410782,0,2,75,DRY RUN
919330267288723509,0,2,75,DRY RUN
919319654781034517,0,2,75,DRY RUN
921136255469764648,0,2,75,DRY RUN
1159468616404709388,0,2,75,DRY RUN
1024061686719725678,0,2,75,DRY RUN
919192120789696532,0,2,75,DRY RUN
914621326717763615,0,2,75,DRY RUN
1026504580848160918,0,2,75,DRY RUN
918595869861879829,0,2,75,DRY RUN
1027446333084286976,0,2,75,DRY RUN
919196455317684225,0,2,75,DRY RUN
1346446790836092938,1,3,75,DRY RUN
1164265222584942592,0,2,75,DRY RUN
1018581203995074651,0,2,75,DRY RUN
1169372550615285780,0,2,75,DRY RUN
1169312914704978000,0,2,75,DRY RUN
1165293358063833171,0,2,75,DRY RUN
1166371649977864202,0,2,75,DRY RUN
1166326633897140325,0,2,75,DRY RUN
1166018084948156530,0,2,75,DRY RUN
1167478213618958477,0,2,75,DRY RUN
1164272844977471674,0,2,75,DRY RUN
1166037664466731059,0,2,75,DRY RUN
1165297200994201751,0,2,75,DRY RUN
1166664833672958033,0,2,75,DRY RUN
1166374084695830608,0,2,75,DRY RUN
1166050952571265165,0,2,75,DRY RUN
1169324768286224424,0,2,75,DRY RUN
1027628927990112267,0,2,75,DRY RUN
912795847069167676,0,2,75,DRY RUN
918948746409181257,0,2,75,DRY RUN
913849379490787368,0,2,75,DRY RUN
1164265292130680922,0,2,75,DRY RUN
1166378195352813569,0,2,75,DRY RUN
1169374915154149518,0,2,75,DRY RUN
1169369725076258927,0,2,75,DRY RUN
1159468676286779504,0,2,75,DRY RUN
919241466906300446,0,2,75,DRY RUN
1166639605269925902,0,2,75,DRY RUN
1164232961529495693,0,2,75,DRY RUN
1167843695425486960,0,2,75,DRY RUN
1166652010037268565,0,2,75,DRY RUN
914393830843879424,0,2,75,DRY RUN
1164266503449890856,0,2,75,DRY RUN
1166021964637405264,0,2,75,DRY RUN
1027446332031504404,0,2,75,DRY RUN
1169336716562284565,0,2,75,DRY RUN
1169319545903784057,0,2,75,DRY RUN
1027499667015094292,0,2,75,DRY RUN
1166326584786038816,0,2,75,DRY RUN
1169343392443011136,0,2,75,DRY RUN
1335891661301223434,0,2,75,DRY RUN
1167506713604268142,0,2,75,DRY RUN
1024036460413845605,0,2,75,DRY RUN
921010084845330442,0,2,75,DRY RUN
1169182263217492049,0,2,75,DRY RUN
1166055816252620905,0,2,75,DRY RUN
1166326731859300475,1,2,75,DRY RUN
914165462156337234,0,2,75,DRY RUN
1164232907066454017,0,2,75,DRY RUN
893164238829420574,0,2,75,DRY RUN
1018561936499167394,0,2,75,DRY RUN
914393603881709569,0,2,75,DRY RUN
1169178768208842774,0,2,75,DRY RUN
1169322018114654260,0,2,75,DRY RUN
1026502131345268736,0,2,75,DRY RUN
1166326606529298516,0,2,75,DRY RUN
919330276075782195,0,2,75,DRY RUN
1018553710529482813,0,2,75,DRY RUN
1018785272470712362,0,2,75,DRY RUN
1168632747145826345,0,2,75,DRY RUN
1166410577917247562,0,2,75,DRY RUN
1159468737217445940,0,2,75,DRY RUN
1166033259621257276,0,2,75,DRY RUN
1018592118165471364,0,2,75,DRY RUN
1024162088358252565,1,2,75,DRY RUN
919226731011903509,0,2,75,DRY RUN
1448544033415631080,0,2,75,DRY RUN
1169188386993614982,0,2,75,DRY RUN
1167478185164804177,0,2,75,DRY RUN
1167860862913101984,0,2,75,DRY RUN
1170321776442613784,0,2,75,DRY RUN
1168562588024582254,0,2,75,DRY RUN
696699187030523934,0,3,65,DRY RUN
1166065831336230943,0,2,65,DRY RUN
619931064961466388,1,4,60,DRY RUN
996015773258629160,1,3,60,DRY RUN
919312588058288179,0,2,60,DRY RUN
1166678261762359389,0,2,60,DRY RUN
919642206506213447,0,4,50,DRY RUN
895039114104147978,1,2,50,DRY RUN
888744281655869480,1,4,50,DRY RUN
974963926301310986,0,2,50,DRY RUN
1125725678160068668,0,2,50,DRY RUN
997431173523439616,0,3,50,DRY RUN
778988561407803392,0,2,50,DRY RUN
1293217416007913574,1,2,50,DRY RUN
895206925698990081,0,2,50,DRY RUN
867000944407740436,0,2,50,DRY RUN
981850857899434044,0,2,50,DRY RUN
945272050686255145,0,2,50,DRY RUN
897764322321760267,0,2,50,DRY RUN
979073656544178256,0,2,50,DRY RUN
895263089723863100,0,2,50,DRY RUN
962609214071664650,0,2,50,DRY RUN
1318695278173487154,0,2,50,DRY RUN
981586601316597791,0,2,50,DRY RUN
981592061314748466,0,2,50,DRY RUN
1318677695470633083,0,2,50,DRY RUN
1314509474605694998,0,2,50,DRY RUN
1317692520511307826,0,2,50,DRY RUN
1318753380121972786,0,2,50,DRY RUN
1318684682300162070,0,2,50,DRY RUN
1317007059056590849,0,2,50,DRY RUN
1313921621664469092,0,2,50,DRY RUN
1318072817396351018,0,2,50,DRY RUN
1318155661393268757,0,2,50,DRY RUN
981275513484091464,0,2,50,DRY RUN
979081663118209075,0,2,50,DRY RUN
1314221443269136384,1,2,50,DRY RUN
1006985923285749820,0,2,50,DRY RUN
1006976267997958275,0,2,50,DRY RUN
979248936571244565,0,2,50,DRY RUN
981582678560227388,0,2,50,DRY RUN
981273005223182407,0,2,50,DRY RUN
894660888110456893,0,2,50,DRY RUN
965264524691247144,0,2,50,DRY RUN
1006968279983722566,0,2,50,DRY RUN
1321200451000995910,0,2,50,DRY RUN
1318189160829550646,0,2,50,DRY RUN
1317723437070028812,0,2,50,DRY RUN
1321054352588406804,0,2,50,DRY RUN
1318698763899899995,0,2,50,DRY RUN
1002268771773337704,0,2,50,DRY RUN
1002593341596237884,0,2,50,DRY RUN
1002303072913076355,0,2,50,DRY RUN
1002233506535067702,0,2,50,DRY RUN
1002295392941117591,0,2,50,DRY RUN
1072933356502782043,0,2,50,DRY RUN
1002626214860685443,0,2,50,DRY RUN
1321235585280507964,0,2,50,DRY RUN
1318676013047222282,0,2,50,DRY RUN
1315940426506702865,0,2,50,DRY RUN
1003019899318321312,0,2,50,DRY RUN
1002634540759654571,0,2,50,DRY RUN
1003351537592058087,0,2,50,DRY RUN
1004440254054408272,0,2,50,DRY RUN
1003013184250204290,0,2,50,DRY RUN
1003357348997382184,0,2,50,DRY RUN
1003345201416384593,0,2,50,DRY RUN
1004446194782699521,0,2,50,DRY RUN
1003373664143683645,0,2,50,DRY RUN
1004630733622620250,0,2,50,DRY RUN
1321205568815501373,0,2,50,DRY RUN
1318679463562580043,0,2,50,DRY RUN
1314481108683067422,0,2,50,DRY RUN
1317590430832918550,1,2,50,DRY RUN
1318160444908638230,0,2,50,DRY RUN
1317306823698550835,0,2,50,DRY RUN
1318673436117045371,0,2,50,DRY RUN
1321091471931215964,0,2,50,DRY RUN
1321064714662314039,0,2,50,DRY RUN
1321075872975028276,0,2,50,DRY RUN
1318699893321367614,0,2,50,DRY RUN
1317337933841432716,0,2,50,DRY RUN
1314549618343809064,0,2,50,DRY RUN
1317656411403980800,0,2,50,DRY RUN
1318792143581614132,0,2,50,DRY RUN
1321153127650557985,0,2,50,DRY RUN
1321093300597424190,0,2,50,DRY RUN
1317900817755406407,0,2,50,DRY RUN
1321118962758455319,0,2,50,DRY RUN
1312847729113825424,0,2,50,DRY RUN
1318794201844023392,0,2,50,DRY RUN
1318792107850334243,0,2,50,DRY RUN
1321170610520588291,0,2,50,DRY RUN
1317679930934427752,0,2,50,DRY RUN
1321053552633708544,0,2,50,DRY RUN
1321120328193146933,0,2,50,DRY RUN
1317364563339116649,0,2,50,DRY RUN
1318790220094767186,0,2,50,DRY RUN
1318690522822479910,0,2,50,DRY RUN
1318190725820846090,0,2,50,DRY RUN
1314606952382201962,0,2,50,DRY RUN
1313923470953938944,0,2,50,DRY RUN
1321065287130415105,0,2,50,DRY RUN
1312856067767664823,0,2,50,DRY RUN
1314126876960096256,0,2,50,DRY RUN
1318696252958969947,0,2,50,DRY RUN
1314085821112123494,0,2,50,DRY RUN
1318207132469952532,0,2,50,DRY RUN
1315965545774059552,0,2,50,DRY RUN
1312176783193411648,0,2,50,DRY RUN
1314478678863904829,0,2,50,DRY RUN
1318790085126389770,0,2,50,DRY RUN
1321075806415622221,0,2,50,DRY RUN
1317799017853485116,0,2,50,DRY RUN
1321210149142134794,0,2,50,DRY RUN
1318159836390887489,0,2,50,DRY RUN
1321220800019300434,0,2,50,DRY RUN
1321233755092029480,0,2,50,DRY RUN
1321176405773652000,0,2,50,DRY RUN
1312799355744288798,0,2,50,DRY RUN
1318184724556156988,0,2,50,DRY RUN
1321074781340176467,0,2,50,DRY RUN
1321063384287809607,0,2,50,DRY RUN
1321073992974602292,0,2,50,DRY RUN
1318687085246546056,0,2,50,DRY RUN
1317345852553035778,0,2,50,DRY RUN
1317790189791350824,0,2,50,DRY RUN
1321049925798068264,0,2,50,DRY RUN
1318166018606239756,0,2,50,DRY RUN
1318771972372562030,0,2,50,DRY RUN
1318163153917579295,0,2,50,DRY RUN
1317778167146090547,0,2,50,DRY RUN
1318165054708912179,0,2,50,DRY RUN
1321210670103924840,0,2,50,DRY RUN
1321159155892879500,0,2,50,DRY RUN
1318760004114845776,0,2,50,DRY RUN
1318692241170235476,0,2,50,DRY RUN
1321229037368119337,0,2,50,DRY RUN
1315945961943597137,0,2,50,DRY RUN
1321086228841369611,0,2,50,DRY RUN
1321215045916688539,0,2,50,DRY RUN
1321144989698228305,0,2,50,DRY RUN
1321049763436564521,0,2,50,DRY RUN
1321191839646089289,0,2,50,DRY RUN
1321192746110947431,0,2,50,DRY RUN
884091448071430205,1,2,50,DRY RUN
1120483726846075012,1,2,50,DRY RUN
1129494096780738571,2,2,50,DRY RUN
902520909053718578,2,2,50,DRY RUN
1105289795263008768,2,2,50,DRY RUN
1275628077270962203,0,1,50,DRY RUN
1231848314316652615,0,1,50,DRY RUN
1351944257111457803,0,1,50,DRY RUN
1386926009617616929,0,1,50,DRY RUN
1351671985825906831,0,1,50,DRY RUN
1351720237371883610,0,1,50,DRY RUN
1351670948587114627,0,1,50,DRY RUN
1100616517718130729,0,1,50,DRY RUN
1351854928364306442,0,1,50,DRY RUN
1351722711424040980,0,1,50,DRY RUN
1351867919012986930,0,1,50,DRY RUN
1351684387875459072,0,1,50,DRY RUN
1351694121139568670,0,1,50,DRY RUN
1351909127743606916,0,1,50,DRY RUN
1371858797143789622,0,1,50,DRY RUN
1351687654546079787,0,1,50,DRY RUN
1351681960568819762,0,1,50,DRY RUN
1351639477692403812,0,1,50,DRY RUN
1351650246970839133,0,1,50,DRY RUN
1351932720527446099,0,1,50,DRY RUN
1351742053196763271,0,1,50,DRY RUN
1351643790225702912,0,1,50,DRY RUN
1351830976199917578,0,1,50,DRY RUN
1351865774087602288,0,1,50,DRY RUN
899858275439349821,0,1,50,DRY RUN
1351634708202782855,0,1,50,DRY RUN
1351731987169415178,0,1,50,DRY RUN
899871749313814601,0,1,50,DRY RUN
1351847409436856331,0,1,50,DRY RUN
899919228256256020,0,1,50,DRY RUN
1351920695789096996,0,1,50,DRY RUN
1351911313433034843,0,1,50,DRY RUN
899936018403311616,0,1,50,DRY RUN
1371838171234566255,0,1,50,DRY RUN
1351915535977283636,0,1,50,DRY RUN
1351899136961675316,0,1,50,DRY RUN
899950162338775080,0,1,50,DRY RUN
899957624412438548,0,1,50,DRY RUN
899961141223100486,0,1,50,DRY RUN
900198996251906088,0,1,50,DRY RUN
1351834227041112066,0,1,50,DRY RUN
900210001619058738,0,1,50,DRY RUN
1351842106183778346,0,1,50,DRY RUN
900216596688171048,0,1,50,DRY RUN
909632108358688798,0,1,50,DRY RUN
1371842929928179743,0,1,50,DRY RUN
909633887838273557,0,1,50,DRY RUN
909634744176767037,0,1,50,DRY RUN
909637580167995432,0,1,50,DRY RUN
1351707508250640406,0,1,50,DRY RUN
909639854860689408,0,1,50,DRY RUN
1351725606169219177,0,1,50,DRY RUN
909645053931188264,0,1,50,DRY RUN
909647141125910548,0,1,50,DRY RUN
909649071801786368,0,1,50,DRY RUN
909648170521346088,0,1,50,DRY RUN
1351775542634086451,0,1,50,DRY RUN
909653500038905866,0,1,50,DRY RUN
909658037483110421,0,1,50,DRY RUN
909657261759164486,0,1,50,DRY RUN
1351747563702980631,0,1,50,DRY RUN
1351657721421758614,0,1,50,DRY RUN
909685495246774272,0,1,50,DRY RUN
1351694396533510215,0,1,50,DRY RUN
1351835223461204028,0,1,50,DRY RUN
1351916115613192284,0,1,50,DRY RUN
1351777898347892779,0,1,50,DRY RUN
1351869247977951263,0,1,50,DRY RUN
912183414772367430,0,1,50,DRY RUN
1351822888897875968,0,1,50,DRY RUN
1351892013913604138,0,1,50,DRY RUN
1351777660820258917,0,1,50,DRY RUN
1351864593575706707,0,1,50,DRY RUN
1351898021729800287,0,1,50,DRY RUN
1351666376762200227,0,1,50,DRY RUN
1351876956081098775,0,1,50,DRY RUN
1351900604498186341,0,1,50,DRY RUN
1351909931246157865,0,1,50,DRY RUN
1351933437132410912,0,1,50,DRY RUN
1351866506299965471,0,1,50,DRY RUN
932813852410777661,0,1,50,DRY RUN
1351648242697375747,0,1,50,DRY RUN
1351681517494992937,0,1,50,DRY RUN
1351660095171465216,0,1,50,DRY RUN
1351705233100771358,0,1,50,DRY RUN
1238754423430189087,0,1,50,DRY RUN
1238732513816612875,0,1,50,DRY RUN
1238795929277042729,0,1,50,DRY RUN
1238783432272904223,0,1,50,DRY RUN
930354625025015879,0,1,50,DRY RUN
1238718996254294057,0,1,50,DRY RUN
1351695212006740029,0,1,50,DRY RUN
1351678897196109845,0,1,50,DRY RUN
1351662005983121480,0,1,50,DRY RUN
942696277366427660,0,1,50,DRY RUN
1351678277336432661,0,1,50,DRY RUN
1351642730480009308,0,1,50,DRY RUN
1351741597917777981,0,1,50,DRY RUN
978492666159443988,0,1,50,DRY RUN
1371866830158958763,0,1,50,DRY RUN
1351640183224926332,0,1,50,DRY RUN
1351655504556064808,0,1,50,DRY RUN
1351688408451252284,0,1,50,DRY RUN
1351874983080497182,0,1,50,DRY RUN
932440412776435733,0,1,50,DRY RUN
932442075209818143,0,1,50,DRY RUN
1351649727413878847,0,1,50,DRY RUN
979226440228814919,0,1,50,DRY RUN
932450430062043146,0,1,50,DRY RUN
1351859472565403721,0,1,50,DRY RUN
1351702731164749867,0,1,50,DRY RUN
1351696060388737101,0,1,50,DRY RUN
930272776806367253,0,1,50,DRY RUN
1351935857862639640,0,1,50,DRY RUN
1371877184209162394,0,1,50,DRY RUN
1351934814600691782,0,1,50,DRY RUN
1351734638258946159,0,1,50,DRY RUN
930286228400656454,0,1,50,DRY RUN
930286911640174592,0,1,50,DRY RUN
1351762263551246409,0,1,50,DRY RUN
1351718670212141177,0,1,50,DRY RUN
1351716255429820466,0,1,50,DRY RUN
1351757888980389938,0,1,50,DRY RUN
1351851972134961162,0,1,50,DRY RUN
1371864244806488144,0,1,50,DRY RUN
932529048343683102,0,1,50,DRY RUN
1351710349774164091,0,1,50,DRY RUN
932532333461012510,0,1,50,DRY RUN
1351937985825738782,0,1,50,DRY RUN
1351798449493770240,0,1,50,DRY RUN
1351777558131249242,0,1,50,DRY RUN
1351729324218122270,0,1,50,DRY RUN
1351743982710947882,0,1,50,DRY RUN
1371949740605968459,0,1,50,DRY RUN
932817182985953330,0,1,50,DRY RUN
1351620040562180096,0,1,50,DRY RUN
932820029517492265,0,1,50,DRY RUN
1351898418783715379,0,1,50,DRY RUN
1351789466997493760,0,1,50,DRY RUN
1351649481850097735,0,1,50,DRY RUN
1351678565111959552,0,1,50,DRY RUN
1351644758568603658,0,1,50,DRY RUN
1372021146786074627,0,1,50,DRY RUN
1351614835095240726,0,1,50,DRY RUN
1351641923433009224,0,1,50,DRY RUN
1351694048091570278,0,1,50,DRY RUN
932879667810140220,0,1,50,DRY RUN
1351668901641191537,0,1,50,DRY RUN
1371781590765539409,0,1,50,DRY RUN
932886758708871200,0,1,50,DRY RUN
1351832605149892683,0,1,50,DRY RUN
1351618533439705259,0,1,50,DRY RUN
1351836855682990150,0,1,50,DRY RUN
1351903674191970355,0,1,50,DRY RUN
1371836293830672435,0,1,50,DRY RUN
1351865616541290568,0,1,50,DRY RUN
1351675803301183630,0,1,50,DRY RUN
1351712026702905395,0,1,50,DRY RUN
1351734605971062784,0,1,50,DRY RUN
1225653573338271829,0,1,50,DRY RUN
1351648464311947274,0,1,50,DRY RUN
1351617753760399451,0,1,50,DRY RUN
1351888617550774313,0,1,50,DRY RUN
899479051968864256,0,1,50,DRY RUN
1351943708177731614,0,1,50,DRY RUN
1351850184023212064,0,1,50,DRY RUN
1351865172561625148,0,1,50,DRY RUN
1351765007112601671,0,1,50,DRY RUN
1351921837793214555,0,1,50,DRY RUN
1351736001789427722,0,1,50,DRY RUN
1351768361406697585,0,1,50,DRY RUN
1351930383763112021,0,1,50,DRY RUN
1351686508343590983,0,1,50,DRY RUN
1351643034814517359,0,1,50,DRY RUN
1351696282741248000,0,1,50,DRY RUN
1351844335154499620,0,1,50,DRY RUN
1351942770612240435,0,1,50,DRY RUN
1351717158257950720,0,1,50,DRY RUN
1351937178179076147,0,1,50,DRY RUN
1351945717681492079,0,1,50,DRY RUN
1351769207422845042,0,1,50,DRY RUN
1351955120128266423,0,1,50,DRY RUN
1351696680809926718,0,1,50,DRY RUN
1351898688393580567,0,1,50,DRY RUN
698160922069434428,1,5,45,DRY RUN
1202060210491891864,0,2,40,DRY RUN
1102305578216329336,0,4,40,DRY RUN
1317706053873434685,0,2,40,DRY RUN
1201206037206810745,1,2,40,DRY RUN
1321154941846421578,0,2,40,DRY RUN
1317375378343596063,0,2,40,DRY RUN
1317372624191619155,0,2,40,DRY RUN
1321114803741261824,0,2,40,DRY RUN
1321217345510838303,0,2,40,DRY RUN
1321060789062340690,0,2,40,DRY RUN
1317371094411509791,0,2,40,DRY RUN
1321114076377518263,0,2,40,DRY RUN
1318190654790307973,0,2,40,DRY RUN
1314348360161034312,0,2,40,DRY RUN
1313976768566263931,0,2,40,DRY RUN
1318679020644077708,0,2,40,DRY RUN
1321224006610714726,0,2,40,DRY RUN
1318754076225437787,0,2,40,DRY RUN
1321071110338383883,0,2,40,DRY RUN
1313056594443112449,0,2,40,DRY RUN
1318673819430289498,0,2,40,DRY RUN
1315974097880092767,0,2,40,DRY RUN
1318208644092924007,0,2,40,DRY RUN
1315954835543293984,0,2,40,DRY RUN
1313988721502060666,0,2,40,DRY RUN
1317369918005710881,0,2,40,DRY RUN
1318693628977221665,0,2,40,DRY RUN
1318796693470318592,0,2,40,DRY RUN
1321182070336127048,0,2,40,DRY RUN
1318069279588880467,0,2,40,DRY RUN
1321175514450235453,0,2,40,DRY RUN
1318810212596977741,0,2,40,DRY RUN
1318208526010679337,0,2,40,DRY RUN
1317552563196923957,0,2,40,DRY RUN
1317803321104273418,0,2,40,DRY RUN
1314135966096556085,0,2,40,DRY RUN
1318683166969696279,0,2,40,DRY RUN
1317375349197246516,0,2,40,DRY RUN
1321137464122937366,0,2,40,DRY RUN
1321054882572271669,0,2,40,DRY RUN
1314071173566300224,0,2,40,DRY RUN
1314225708700274870,0,2,40,DRY RUN
1314508261956784151,0,2,40,DRY RUN
1004806107165892681,0,2,40,DRY RUN
1004764421710692423,0,2,40,DRY RUN
1004786198524477570,0,2,40,DRY RUN
1004819846103580843,0,2,40,DRY RUN
1004638629550891089,0,2,40,DRY RUN
1157013222197563412,0,2,40,DRY RUN
1004817608794710096,0,2,40,DRY RUN
1004646976299745321,0,2,40,DRY RUN
1004652861411569666,0,2,40,DRY RUN
1155438770536067082,0,2,40,DRY RUN
1005477564552319077,0,2,40,DRY RUN
1073409165864734861,0,2,40,DRY RUN
1073283263147290697,0,2,40,DRY RUN
1005900414924886148,0,2,40,DRY RUN
1004835011821834332,0,2,40,DRY RUN
1005506322428612760,0,2,40,DRY RUN
1005512477682958367,0,2,40,DRY RUN
1005915977571123271,0,2,40,DRY RUN
1005518962039214130,0,2,40,DRY RUN
1005484563524493373,0,2,40,DRY RUN
1157559385237753938,0,2,40,DRY RUN
1073402333070905494,0,2,40,DRY RUN
1073308348537110549,0,2,40,DRY RUN
1073383635861901333,0,2,40,DRY RUN
1156796422633558036,0,2,40,DRY RUN
1073473816778506350,0,2,40,DRY RUN
1073420702595698728,0,2,40,DRY RUN
1073398926088081539,0,2,40,DRY RUN
1073296967918157974,0,2,40,DRY RUN
1157003705141428354,0,2,40,DRY RUN
1166957182575706157,0,2,40,DRY RUN
1156893710714417203,0,2,40,DRY RUN
1156893701105266698,0,2,40,DRY RUN
1156844764390502410,0,2,40,DRY RUN
1156805878608036000,0,2,40,DRY RUN
1156950746928005251,0,2,40,DRY RUN
1156935756259012608,0,2,40,DRY RUN
1157519089552609341,0,2,40,DRY RUN
1156856494143307796,0,2,40,DRY RUN
1156969622394896545,0,2,40,DRY RUN
1167041390534991936,0,2,40,DRY RUN
1167035047145111562,0,2,40,DRY RUN
1167069210342596708,0,2,40,DRY RUN
1166821096872484997,0,2,40,DRY RUN
1166862682692001824,0,2,40,DRY RUN
1166991614862958597,0,2,40,DRY RUN
1166858285073313823,0,2,40,DRY RUN
1166786604061437993,0,2,40,DRY RUN
1166938407654666292,0,2,40,DRY RUN
1167116918168227841,0,2,40,DRY RUN
1166827327469129729,0,2,40,DRY RUN
1167145967179546722,0,2,40,DRY RUN
1166810243913760870,0,2,40,DRY RUN
1167004201176543279,0,2,40,DRY RUN
1167014371151593483,0,2,40,DRY RUN
1167056830665601025,0,2,40,DRY RUN
1167063913758740623,0,2,40,DRY RUN
1166917195691982850,0,2,40,DRY RUN
1166950658608472197,0,2,40,DRY RUN
1166874838405759031,0,2,40,DRY RUN
1166785130577264668,0,2,40,DRY RUN
1166813836410638376,0,2,40,DRY RUN
1167049207492911185,0,2,40,DRY RUN
1166972316496965632,0,2,40,DRY RUN
1166787934150733904,0,2,40,DRY RUN
1166836213794222215,0,2,40,DRY RUN
1167005499846295566,0,2,40,DRY RUN
1166936657581318175,0,2,40,DRY RUN
1166956093478543462,0,2,40,DRY RUN
1166891421870080040,0,2,40,DRY RUN
1166235262746107924,0,2,40,DRY RUN
1166246121371357255,0,2,40,DRY RUN
1166839600774402048,0,2,40,DRY RUN
1166269711646982204,0,2,40,DRY RUN
1166552835949867040,0,2,40,DRY RUN
1166618575574925347,0,2,40,DRY RUN
1166630557304770665,0,2,40,DRY RUN
1166748289429934131,0,2,40,DRY RUN
1166761345727864955,0,2,40,DRY RUN
1166964112606117938,0,2,40,DRY RUN
1166593350581899284,0,2,40,DRY RUN
1166088031292379216,0,2,40,DRY RUN
1166826298648313880,0,2,40,DRY RUN
1166943699201183805,0,2,40,DRY RUN
1166223080331427840,0,2,40,DRY RUN
1167127806744998008,0,2,40,DRY RUN
1166610939261489152,0,2,40,DRY RUN
1166066727273123893,0,2,40,DRY RUN
1166385466170429471,0,2,40,DRY RUN
1166543938367258714,0,2,40,DRY RUN
1321174901972926496,0,2,40,DRY RUN
1321078861320032316,0,2,40,DRY RUN
1318199242820681768,0,2,40,DRY RUN
1318771413519302686,0,2,40,DRY RUN
1318182925883277332,0,2,40,DRY RUN
1321046577493839913,0,2,40,DRY RUN
1321056923432386642,0,2,40,DRY RUN
1321106561686442016,0,2,40,DRY RUN
1314158970755223572,0,2,40,DRY RUN
836916457472262165,0,2,40,DRY RUN
820009350600720416,0,2,40,DRY RUN
1268379017824829474,0,2,40,DRY RUN
1166645150236299266,0,2,40,DRY RUN
1166953220539678793,0,2,40,DRY RUN
1267743464208994476,0,2,40,DRY RUN
783342213467602984,0,2,40,DRY RUN
1264695738546389013,0,2,40,DRY RUN
810336535286644736,0,2,40,DRY RUN
828042760573550593,0,2,40,DRY RUN
1268415970028945480,0,2,40,DRY RUN
1268386389058125886,0,2,40,DRY RUN
1268292539983724665,0,2,40,DRY RUN
1268382758250741874,0,2,40,DRY RUN
1268382796792205414,0,2,40,DRY RUN
1268412163706327071,0,2,40,DRY RUN
1268422021155524682,0,2,40,DRY RUN
1268419021385236532,0,2,40,DRY RUN
1268412918836232264,0,2,40,DRY RUN
1268396184058466314,0,2,40,DRY RUN
1268393338365804659,0,2,40,DRY RUN
1268418197573341319,0,2,40,DRY RUN
1268411463601750053,0,2,40,DRY RUN
1268404964439359611,0,2,40,DRY RUN
1268415649634582573,0,2,40,DRY RUN
1268291747184640074,0,2,40,DRY RUN
1268420629552435202,0,2,40,DRY RUN
1268415704802267241,0,2,40,DRY RUN
1268380780858572841,0,2,40,DRY RUN
1268401075778490401,0,2,40,DRY RUN
1268293200506785823,0,2,40,DRY RUN
1268386690997686315,0,2,40,DRY RUN
1268396171605577769,0,2,40,DRY RUN
1268383963072696363,0,2,40,DRY RUN
1268414481365598302,0,2,40,DRY RUN
1268420002726547577,0,2,40,DRY RUN
1268384692042989601,0,2,40,DRY RUN
1268390859276029954,0,2,40,DRY RUN
1268385257913061439,0,2,40,DRY RUN
1268289973027737663,0,2,40,DRY RUN
1321166576044474370,0,2,40,DRY RUN
1321125447991427123,0,2,40,DRY RUN
1318765369573507083,0,2,40,DRY RUN
1321173286528483332,0,2,40,DRY RUN
1315945075833962572,0,2,40,DRY RUN
1321107515252932700,0,2,40,DRY RUN
1321042683887882250,0,2,40,DRY RUN
1315912813411303446,0,2,40,DRY RUN
1268397218570960957,0,2,40,DRY RUN
1268409937848176732,0,2,40,DRY RUN
1268294519305011302,0,2,40,DRY RUN
1268421449354575932,0,2,40,DRY RUN
1268411820964708373,0,2,40,DRY RUN
1268415272382103562,0,2,40,DRY RUN
1268398828445372439,0,2,40,DRY RUN
1268290845023404189,0,2,40,DRY RUN
1268388914264281159,0,2,40,DRY RUN
1268395219179536384,0,2,40,DRY RUN
1268294409645064252,0,2,40,DRY RUN
1268294080681742441,0,2,40,DRY RUN
1268290978691944601,0,2,40,DRY RUN
1268405421216104510,0,2,40,DRY RUN
1268385012693073964,0,2,40,DRY RUN
1268291073550192741,0,2,40,DRY RUN
1268382811400835175,0,2,40,DRY RUN
1268290589103882294,0,2,40,DRY RUN
1268418860176900130,0,2,40,DRY RUN
1268292500062208143,0,2,40,DRY RUN
1268293750598271139,0,2,40,DRY RUN
1268376812350603274,0,2,40,DRY RUN
1268386756072575082,0,2,40,DRY RUN
1268390140250951720,0,2,40,DRY RUN
1268390845741137970,0,2,40,DRY RUN
1268392814169952329,0,2,40,DRY RUN
1268414707895635992,0,2,40,DRY RUN
1268293014409838715,0,2,40,DRY RUN
1268387981039894559,0,2,40,DRY RUN
1268403227536261140,0,2,40,DRY RUN
1268387224915808297,0,2,40,DRY RUN
1268400685016285268,0,2,40,DRY RUN
1268417167741943820,0,2,40,DRY RUN
1268293481286209687,0,2,40,DRY RUN
1268397334723563542,0,2,40,DRY RUN
1268385681072197775,0,2,40,DRY RUN
1268386868404162562,0,2,40,DRY RUN
1268397756595044414,0,2,40,DRY RUN
1268414961734914170,0,2,40,DRY RUN
1268415756949917848,0,2,40,DRY RUN
1268420079440232522,0,2,40,DRY RUN
1268293517562609834,0,2,40,DRY RUN
1268382632761360525,0,2,40,DRY RUN
1314363610348388434,0,2,40,DRY RUN
1264220558782894092,0,2,40,DRY RUN
1264302559733219462,0,2,40,DRY RUN
1264198243357687839,0,2,40,DRY RUN
1264204225961791702,0,2,40,DRY RUN
1264170356349079554,0,2,40,DRY RUN
1264813651139760230,0,2,40,DRY RUN
1264485086749921381,0,2,40,DRY RUN
1264161548633509940,0,2,40,DRY RUN
1264220912232697887,0,2,40,DRY RUN
1270421765306191882,1,2,40,DRY RUN
1270497194923003964,0,2,40,DRY RUN
1321054995105320961,0,2,40,DRY RUN
1318689910428926044,0,2,40,DRY RUN
1318082429742743624,0,2,40,DRY RUN
1321102613978153024,0,2,40,DRY RUN
1318754677017542690,0,2,40,DRY RUN
1321050513353084969,0,2,40,DRY RUN
1318810976061100094,0,2,40,DRY RUN
1313044972504875108,0,2,40,DRY RUN
1318690801739366400,0,2,40,DRY RUN
1270393412876501157,0,2,40,DRY RUN
1314519734863134826,0,2,40,DRY RUN
1268556535370612810,0,2,40,DRY RUN
1270789831558959114,0,2,40,DRY RUN
1267833837292097536,0,2,40,DRY RUN
1268244538946879531,0,2,40,DRY RUN
1268247961498947616,0,2,40,DRY RUN
1268543204689711202,0,2,40,DRY RUN
1268528883620384808,0,2,40,DRY RUN
1270422138125287476,0,2,40,DRY RUN
1270520277067108434,0,2,40,DRY RUN
1268543613214916669,0,2,40,DRY RUN
1317564670915248190,0,2,40,DRY RUN
1268498689714815032,0,2,40,DRY RUN
1268089052624588866,0,2,40,DRY RUN
1321161795544547379,0,2,40,DRY RUN
1318773847998201927,0,2,40,DRY RUN
1268459540429406219,0,2,40,DRY RUN
1264545834620555376,0,2,40,DRY RUN
1264194994755866665,0,2,40,DRY RUN
1264212674192080907,0,2,40,DRY RUN
1264685300098138223,0,2,40,DRY RUN
1264155380599099465,0,2,40,DRY RUN
1264759294478258247,0,2,40,DRY RUN
1264524806552944641,0,2,40,DRY RUN
1264787643988836384,0,2,40,DRY RUN
1264538738336333898,0,2,40,DRY RUN
1317709033431502878,0,2,40,DRY RUN
1321178156073353257,0,2,40,DRY RUN
1318152524934549557,0,2,40,DRY RUN
1314497209772937291,0,2,40,DRY RUN
1270239421094166558,0,2,40,DRY RUN
1321088539860926588,0,2,40,DRY RUN
1077152065312268308,0,2,40,DRY RUN
1077258871699161239,0,2,40,DRY RUN
1076822474760659054,0,2,40,DRY RUN
1076884044815544370,0,2,40,DRY RUN
1076966579608240208,0,2,40,DRY RUN
1076738681790025758,0,2,40,DRY RUN
1077157449661952011,0,2,40,DRY RUN
1077149125210034186,0,2,40,DRY RUN
1264152044478926870,0,2,40,DRY RUN
1263934287455981630,0,2,40,DRY RUN
1076541868688552029,0,2,40,DRY RUN
1176545410488209550,1,2,40,DRY RUN
1268666290571317430,0,2,40,DRY RUN
1138327638348419183,0,2,40,DRY RUN
1264757535475241045,0,2,40,DRY RUN
1264696085021196368,0,2,40,DRY RUN
1264534032323186729,0,2,40,DRY RUN
1264250598895648899,0,2,40,DRY RUN
1270776591554838571,0,2,40,DRY RUN
1270382985937551427,0,2,40,DRY RUN
1264534735892512869,0,2,40,DRY RUN
1264187259683340352,0,2,40,DRY RUN
1264274901733216319,0,2,40,DRY RUN
1264234242536243201,0,2,40,DRY RUN
1264762616153116734,0,2,40,DRY RUN
1264289683106435148,0,2,40,DRY RUN
1264692956527591504,0,2,40,DRY RUN
1264651628422758441,0,2,40,DRY RUN
1268574957214896199,0,2,40,DRY RUN
1270299922931126282,0,2,40,DRY RUN
1264155262810460305,0,2,40,DRY RUN
1268466970769231976,0,2,40,DRY RUN
1264164012929847317,0,2,40,DRY RUN
1268580027922911308,0,2,40,DRY RUN
1318681106589155328,0,2,40,DRY RUN
1317754997764653106,0,2,40,DRY RUN
1314172712561803276,0,2,40,DRY RUN
1321188363407065129,0,2,40,DRY RUN
1317922356089323582,0,2,40,DRY RUN
1321085676552458262,0,2,40,DRY RUN
1318692140934758432,0,2,40,DRY RUN
1318071480030068736,0,2,40,DRY RUN
1314117199207862273,0,2,40,DRY RUN
1270407922450436193,0,2,40,DRY RUN
1268962724738764933,0,2,40,DRY RUN
1270400124455092381,0,2,40,DRY RUN
1268961693493362692,0,2,40,DRY RUN
1263953223371456592,0,2,40,DRY RUN
1264680098095697942,0,2,40,DRY RUN
1264267228618948660,0,2,40,DRY RUN
1264207198515367947,0,2,40,DRY RUN
1264546975408328776,0,2,40,DRY RUN
1264227366650122331,0,2,40,DRY RUN
1264632873109946411,0,2,40,DRY RUN
1264809859958968331,0,2,40,DRY RUN
1264181520034435075,0,2,40,DRY RUN
1264663234607054853,0,2,40,DRY RUN
1270320205121196118,0,2,40,DRY RUN
1268457729240993880,0,2,40,DRY RUN
1268262458695487574,0,2,40,DRY RUN
1318082057527885876,0,2,40,DRY RUN
1317362873005117452,0,2,40,DRY RUN
1318169840883863559,0,2,40,DRY RUN
1318199374030966822,0,2,40,DRY RUN
1318753447784353805,0,2,40,DRY RUN
1321102729686421509,0,2,40,DRY RUN
1318687433587425342,1,2,40,DRY RUN
1321205376493817900,0,2,40,DRY RUN
1269906585468272660,0,2,40,DRY RUN
1313055899925090354,0,2,40,DRY RUN
1317804106005610536,0,2,40,DRY RUN
1269961512735342613,0,2,40,DRY RUN
1270261503538237523,0,2,40,DRY RUN
1268596082942939247,0,2,40,DRY RUN
1268652354933096533,0,2,40,DRY RUN
1267808148081872939,0,2,40,DRY RUN
1268832865811042324,0,2,40,DRY RUN
1318172728666099805,0,2,40,DRY RUN
1268593929620819981,0,2,40,DRY RUN
1270424710097801348,0,2,40,DRY RUN
1268959985690345523,0,2,40,DRY RUN
1268566891769888792,0,2,40,DRY RUN
1268885767292325889,0,2,40,DRY RUN
1270354326845653073,0,2,40,DRY RUN
1269932865995538502,0,2,40,DRY RUN
1268548419534979095,0,2,40,DRY RUN
1268572448471781376,0,2,40,DRY RUN
1268232211036110951,0,2,40,DRY RUN
1267801660445688013,0,2,40,DRY RUN
1270262329396822028,0,2,40,DRY RUN
1268838086763220992,0,2,40,DRY RUN
1268217883192987648,0,2,40,DRY RUN
1267790310361010258,0,2,40,DRY RUN
1268962000093053019,0,2,40,DRY RUN
1270485174395736108,0,2,40,DRY RUN
1267783890974543922,0,2,40,DRY RUN
1270309411528769578,0,2,40,DRY RUN
1268231438671810761,0,2,40,DRY RUN
1267815575216848898,0,2,40,DRY RUN
1268195578089836647,0,2,40,DRY RUN
1270465029971382404,0,2,40,DRY RUN
1268786376019808280,0,2,40,DRY RUN
1270293724550922302,0,2,40,DRY RUN
1268629118883205134,0,2,40,DRY RUN
1270288955409170433,0,2,40,DRY RUN
1270332528221360221,0,2,40,DRY RUN
1270408873198620724,0,2,40,DRY RUN
1269041716271382639,0,2,40,DRY RUN
1268800617938419712,0,2,40,DRY RUN
1268540201701998625,0,2,40,DRY RUN
1267825749000327270,0,2,40,DRY RUN
1269845839937929261,0,2,40,DRY RUN
1267877162958983260,0,2,40,DRY RUN
1268771732588855324,0,2,40,DRY RUN
1268942356833374321,0,2,40,DRY RUN
1267815106289598508,0,2,40,DRY RUN
1270275410432622656,0,2,40,DRY RUN
1268100422539935756,0,2,40,DRY RUN
1267832613490528268,0,2,40,DRY RUN
1268496887770513488,0,2,40,DRY RUN
1268569200805285899,0,2,40,DRY RUN
1270416427093852232,0,2,40,DRY RUN
1270782250447015937,0,2,40,DRY RUN
1270789383271878734,0,2,40,DRY RUN
1268057455330332682,0,2,40,DRY RUN
1268218688654278708,0,2,40,DRY RUN
1268619718831505522,0,2,40,DRY RUN
1268773144114757653,0,2,40,DRY RUN
1268459524226940980,0,2,40,DRY RUN
1270268162759331946,0,2,40,DRY RUN
1269851335562629203,0,2,40,DRY RUN
1269023258276134966,0,2,40,DRY RUN
1321111771905523802,0,2,40,DRY RUN
1321097252860723371,0,2,40,DRY RUN
747071285200420904,0,3,35,DRY RUN
1321170608612053094,0,2,35,DRY RUN
1321230820937039872,0,2,35,DRY RUN
888535697076650045,0,2,30,DRY RUN
1089323966138687598,2,3,30,DRY RUN
917730312669237278,0,2,30,DRY RUN
888175014766080021,0,3,30,DRY RUN
906584601277902908,0,2,30,DRY RUN
1006475320582475848,0,2,30,DRY RUN
1002288330320388138,0,2,30,DRY RUN
1002617301260054619,0,2,30,DRY RUN
1318184305016569928,0,2,30,DRY RUN
1268460305499951191,0,2,30,DRY RUN
1270512058965950559,0,2,30,DRY RUN
896498415280746507,1,2,30,DRY RUN
796244361578414130,0,1,25,DRY RUN
1092068061722456134,0,1,25,DRY RUN
1088462224781217863,2,2,25,DRY RUN
436648205506052098,0,2,25,DRY RUN
872730526518247434,0,2,25,DRY RUN
1303692274152116275,0,1,25,DRY RUN
1270339115581177917,0,1,25,DRY RUN
1268210489054466078,0,1,25,DRY RUN
1268049064579043380,0,1,25,DRY RUN
1318678204931903499,0,1,25,DRY RUN
903197266859397130,1,1,25,DRY RUN
1318815526973345792,0,1,25,DRY RUN
903237113640796160,0,1,25,DRY RUN
904846335512023081,0,1,25,DRY RUN
904851152867315713,1,1,25,DRY RUN
907188275163312149,0,1,25,DRY RUN
899299118109847572,1,1,25,DRY RUN
746552917259190363,0,1,25,DRY RUN
1032274397152682024,0,2,20,DRY RUN
838762057285107773,0,2,20,DRY RUN
1264023129634766879,0,3,20,DRY RUN
1002598159534526506,0,2,20,DRY RUN
843065921344897064,2,1,15,DRY RUN
855547325848879144,2,1,15,DRY RUN
176988708682203137,0,1,15,DRY RUN
1376749933109051432,0,1,15,DRY RUN
1376816720790163506,0,1,15,DRY RUN
1329145694526771293,0,1,15,DRY RUN
1376043604711178362,0,1,15,DRY RUN
1268630633890975795,0,1,15,DRY RUN
1448380384889802863,0,1,15,DRY RUN
650230602896900118,0,1,10,DRY RUN
1033026644673298526,0,1,10,DRY RUN
161563361597849600,2,1,10,DRY RUN
1216060955386183843,1,1,10,DRY RUN
807491810196586498,0,1,10,DRY RUN
915482470269480990,0,1,10,DRY RUN
1007774352495878194,0,1,10,DRY RUN
878547016626626561,1,1,10,DRY RUN
878559658380517416,0,1,10,DRY RUN
878585779381743677,0,1,10,DRY RUN
1170639228879765514,0,1,10,DRY RUN
965938014368981022,0,1,10,DRY RUN
1372385946489852074,0,1,10,DRY RUN
1377200233842216991,0,1,10,DRY RUN
917877040554868826,1,1,10,DRY RUN
1062663196210630668,0,1,5,DRY RUN
807523559281786892,1,1,5,DRY RUN
1221367977941667870,0,1,5,DRY RUN
757441598609948772,0,1,5,DRY RUN
1051946396535758929,0,1,5,DRY RUN
1316785522869272667,0,1,5,DRY RUN
