Thread Key,Member,Tweet Count,Original Total XP,Tweet IDs (comma-separated),Status
noob2711_2000490717668639218,noob2711,20,88.0,"2000490717668639218, 2000490863911120900, 2000490979678400552, 2000491155088408887, 2000491266635972851, 2000491434177077581, 2000491729196347857, 2000491840496124270, 2000491989964628453, 2000492117362401542, 2000499168385925179, 2000499276133318724, 2000499370207432803, 2000499520271200699, 2000499740367302718, 2000499918411297158, 2000500055963541968, 2000500385941987360, 2000501232138674651, 2000503004311715907",DRY RUN
noob2711_1999122043074208144,noob2711,20,84.0,"1999122043074208144, 1999122248888901674, 1999122499691549031, 1999122690091926002, 1999122867481669885, 1999123070137844080, 1999123258554437771, 1999123823837544637, 1999123961372942810, 1999124080382165429, 1999126891417219483, 1999127168992112856, 1999127419782074402, 1999127596681044446, 1999127723718103108, 1999127837127905479, 1999128009073430665, 1999128161779601721, 1999128307485569100, 1999128771291439107",DRY RUN
noob2711_1999872108210590133,noob2711,20,83.0,"1999872108210590133, 1999872571316248640, 1999872720167924134, 1999872869065789860, 1999873070056743099, 1999873252672553397, 1999873494801363321, 1999873700066374098, 1999873867566010824, 1999874023543713796, 1999874779156013483, 1999874929920291095, 1999875159319331243, 1999875262155206842, 1999876048994079231, 1999876165910360195, 1999876468122566848, 1999876572430610509, 1999877245872288181, 1999877204873015741",DRY RUN
noob2711_1998568788103717023,noob2711,20,82.0,"1998568788103717023, 1998569138869227670, 1998569359929954814, 1998569574065926441, 1998569814873481301, 1998570062144483769, 1998570247767634125, 1998570470053151220, 1998570702186987536, 1998570889265500525, 1998572058087956770, 1998572351588540555, 1998572560259445112, 1998572742426374481, 1998572946240188729, 1998573403167760766, 1998573631497179388, 1998574247640445092, 1998575083154190585, 1998575299949396388",DRY RUN
hamil13_2000446597394489708,hamil13,20,82.0,"2000446597394489708, 2000446602020819100, 2000446604860662180, 2000446607586643968, 2000446611990741112, 2000446614800838954, 2000446617531367845, 2000446620018597895, 2000446622816497979, 2000446625508901266, 2000446628092641470, 2000446630667972916, 2000446633495138359, 2000446636200239254, 2000446638872248512, 2000446643427057835, 2000446646220628232, 2000446649059987767, 2000446651601674564, 2000446654378541524",DRY RUN
noob2711_2000171760269074805,noob2711,19,80.0,"2000171760269074805, 2000171993702821987, 2000172098006974864, 2000172193834320340, 2000172396926660638, 2000172568616292722, 2000172687361233066, 2000173071001604247, 2000173173674025374, 2000175464527364397, 2000186464123101405, 2000186549456249001, 2000186761373479408, 2000186896593621494, 2000187008749367359, 2000187438627705190, 2000187587626258751, 2000188844394881470, 2000188942457704513",DRY RUN
rezamahd3_2000520031633875239,rezamahd3,20,80.0,"2000520031633875239, 2000520035052245236, 2000520037963121057, 2000520041071054901, 2000520043931602995, 2000520046876016920, 2000520049681993895, 2000520052513071464, 2000520055323287773, 2000520058091573616, 2000520060968771743, 2000520063749693875, 2000520066534604923, 2000520069340676224, 2000520072138223710, 2000520075120390653, 2000520077897068792, 2000520080694591799, 2000520083525792022, 2000520086520562081",DRY RUN
sedloe_2000796353979613221,sedloe,19,80.0,"2000796353979613221, 2000796357838430572, 2000796360908624278, 2000796364796805181, 2000796368018006435, 2000796372266835996, 2000796376196903185, 2000796379640422870, 2000796383444644164, 2000796387605385691, 2000796391682216023, 2000796396014981569, 2000796400154788113, 2000796403371749686, 2000796406584631796, 2000796410497917206, 2000796417678565504, 2000796421222695313, 2000796424297177594",DRY RUN
noob2711_2000815712315826666,noob2711,20,79.0,"2000815712315826666, 2000815823817204008, 2000815908475035811, 2000816080718348466, 2000816203913421293, 2000816394443915450, 2000816671938982318, 2000816897198317899, 2000817095832166860, 2000817318356787392, 2000819493610922443, 2000819579107598833, 2000819662574281040, 2000820207376589072, 2000820298720129364, 2000820658272657706, 2000820750689980672, 2000821161748574275, 2000821339557650798, 2000821560379310395",DRY RUN
noob2711_1999478061834846550,noob2711,19,76.0,"1999478061834846550, 1999478538127442444, 1999478834887033316, 1999479098067026218, 1999479412790820882, 1999479762553831857, 1999480022739091963, 1999480295922499897, 1999480648474722682, 1999480908131557538, 1999482600768045261, 1999482926116012486, 1999483740964217227, 1999484034565710259, 1999484309049344206, 1999485253841568189, 1999485515540889980, 1999485742033387763, 1999486060422922348",DRY RUN
hamil13_2000797121864479203,hamil13,19,76.0,"2000797121864479203, 2000797125018575208, 2000797128734691708, 2000797131943346376, 2000797135114227887, 2000797138251612210, 2000797142445936734, 2000797145935540238, 2000797149098082548, 2000797151941796163, 2000797155112714672, 2000797158954697175, 2000797162213662740, 2000797165707518243, 2000797178407870925, 2000797186918113469, 2000797191422767151, 2000797195227029992, 2000797200637731224",DRY RUN
noob2711_1998340397756809276,noob2711,22,69.0,"1998340397756809276, 1998340660550857014, 1998340856756273583, 1998341024314511798, 1998341191151309267, 1998342117970878854, 1998342344962085300, 1998342588336849356, 1998342823033425929, 1998343051450929203, 1998344265760723050, 1998344617071100078, 1998345035386155080, 1998345276059484230, 1998345457269973065, 1998346403580453045, 1998346636234547626, 1998346916413997481, 1998347166922989871, 1998347662140268553, 1998347983424045103, 1998348292246438229",DRY RUN
jarvis779_2000412334502875253,jarvis779,15,63.0,"2000412334502875253, 2000412409681600902, 2000412481412571359, 2000412563260195109, 2000412646357729347, 2000412707355594891, 2000412786292306000, 2000412855984922723, 2000412942857379959, 2000413037392761122, 2000413161707712889, 2000413215512318156, 2000413282235199902, 2000413329425330534, 2000413403790066009",DRY RUN
jarvis779_1999800736142725310,jarvis779,14,58.0,"1999800736142725310, 1999800814609834402, 1999800988874719590, 1999801077848576014, 1999801186736861550, 1999801285932126340, 1999801383965556827, 1999801461593809306, 1999801633212170528, 1999801730813599819, 1999801831623680248, 1999801912494031327, 1999802001828257808, 1999802129188569255",DRY RUN
noob2711_1997997617968742811,noob2711,22,56.0,"1997997617968742811, 1997997983582089565, 1997998148535611766, 1997999502997725465, 1997999703758368911, 1997999946847719730, 1998000142629392587, 1998010106185933130, 1998010421933232230, 1998010586366677320, 1998013347120525671, 1998013522853408881, 1998013877649649932, 1998014259544862780, 1998014526332014614, 1998016033786085882, 1998020440233816334, 1998043199374536981, 1998044512850243962, 1998044750503666045, 1998045182042743091, 1998045317862973472",DRY RUN
hossein7491_1998370621680746963,hossein7491,13,54.0,"1998370621680746963, 1998370624402866559, 1998370627162608125, 1998370629809213921, 1998370632460087321, 1998370636201374120, 1998370638743134518, 1998370641440125181, 1998370645080727933, 1998370647819559321, 1998370650684301447, 1998370653410607465, 1998370655948173456",DRY RUN
hossein7491_1999571489998229987,hossein7491,10,46.0,"1999571489998229987, 1999571492279902478, 1999571494762950942, 1999571498135171442, 1999571501700264297, 1999571505546465399, 1999571508998426828, 1999571511548477509, 1999571513813430460, 1999571518892769698",DRY RUN
hossein7491_1999796870928077277,hossein7491,10,46.0,"1999796870928077277, 1999796873822109783, 1999796876363632649, 1999796879216021777, 1999796881996832842, 1999796884861505711, 1999796887675973788, 1999796890104180981, 1999796892872643000, 1999796897259909249",DRY RUN
hossein7491_1998888671165153460,hossein7491,10,45.0,"1998888671165153460, 1998888674071818432, 1998888676777238804, 1998888679474090479, 1998888682330402923, 1998888685866230039, 1998888688848351431, 1998888692396728684, 1998888697962574200, 1998888700768661686",DRY RUN
hossein7491_1999116250912375077,hossein7491,10,45.0,"1999116250912375077, 1999116253668028569, 1999116256138363384, 1999116259116319176, 1999116262153081117, 1999116265995014309, 1999116269044301900, 1999116271573471671, 1999116274647921013, 1999116277126672506",DRY RUN
hdm368358_1999192206582612170,hdm368358,10,45.0,"1999192206582612170, 1999192208835027002, 1999192211284521080, 1999192213536837754, 1999192216141496772, 1999192218775478361, 1999192221120131239, 1999192224702042606, 1999192227105460290, 1999192232474087461",DRY RUN
hossein7491_1998704138956242944,hossein7491,10,44.0,"1998704138956242944, 1998704142357791089, 1998704145381855560, 1998704148280229912, 1998704151287488829, 1998704154714288177, 1998704157666992494, 1998704160884060227, 1998704167867613663, 1998704172959514652",DRY RUN
krnmuratcryptt_2000166105864696037,krnmuratcryptt,17,44.0,"2000166105864696037, 2000166108532494773, 2000166111891894297, 2000166114501005761, 2000166116967202921, 2000166119492210822, 2000166122658963469, 2000166125162860726, 2000166128178585808, 2000166133647941888, 2000166160827105665, 2000166158218215761, 2000166154711753056, 2000166151821623512, 2000166149271773254, 2000166146532868278, 2000166143852495109",DRY RUN
noob2711_1997571774553473188,noob2711,12,42.0,"1997571774553473188, 1997572128661733529, 1997572441988792506, 1997572806553600016, 1997576497083850907, 1997576918573707550, 1997577176783417752, 1997577464621695013, 1997615814548361381, 1997616302035501375, 1997616715602047390, 1997617050626216136",DRY RUN
jarvis779_1998593523042619455,jarvis779,10,42.0,"1998593523042619455, 1998593623311708428, 1998593707810152491, 1998593779176177703, 1998593848382206315, 1998593920125849623, 1998594003609219322, 1998594065211035757, 1998594126074491084, 1998594203421732964",DRY RUN
jarvis779_1997902124508950540,jarvis779,10,41.0,"1997902124508950540, 1997902220902219888, 1997902296542568803, 1997902398430629976, 1997902494081630310, 1997902660146806822, 1997902746276573526, 1997902855282508009, 1997902940334702756, 1997903029245517950",DRY RUN
jarvis779_1998230837482209617,jarvis779,10,40.0,"1998230837482209617, 1998230936090210713, 1998231025521160366, 1998231140348649823, 1998231216915620303, 1998231304262062500, 1998231383437705333, 1998231470591349137, 1998231611570258158, 1998231739895071217",DRY RUN
jarvis779_1999389114211430810,jarvis779,10,40.0,"1999389114211430810, 1999389206523838626, 1999389297234129121, 1999389387575165265, 1999389467413483756, 1999389555188019561, 1999391480226677121, 1999391581174972657, 1999391664654417989, 1999391842992087208",DRY RUN
zlyhkrn_2000154387872956502,zlyhkrn,10,40.0,"2000154387872956502, 2000154390637027457, 2000154393396892070, 2000154396626452672, 2000154399570809252, 2000154402368397603, 2000154405153509593, 2000154408248832286, 2000154411084181509, 2000154414217343239",DRY RUN
jarvis779_1998967776237728199,jarvis779,10,38.0,"1998967776237728199, 1998967844978176279, 1998968073190256719, 1998968175283810488, 1998968242778550761, 1998968388769689749, 1998968476317397054, 1998968545955176509, 1998968650116846011, 1998968727291801747",DRY RUN
jarvis779_2000133967874507046,jarvis779,15,38.0,"2000133967874507046, 2000134070324601289, 2000134223085117634, 2000134292605939963, 2000134388059894145, 2000134479751663890, 2000134578120569000, 2000134670554661129, 2000134760556015690, 2000134843234144710, 2000134899102359883, 2000134974280769840, 2000135029029265826, 2000135107378860240, 2000135183576846545",DRY RUN
jarvis779_2000781540125536460,jarvis779,10,38.0,"2000781540125536460, 2000781701237367088, 2000781753833939048, 2000781811044245925, 2000781911342637231, 2000781988136149352, 2000782079924273549, 2000782165399744514, 2000782231602696578, 2000782283792638230",DRY RUN
hossein7491_1998367091326685262,hossein7491,8,35.0,"1998367091326685262, 1998367094031925711, 1998367096728924634, 1998367102349271040, 1998367105046270107, 1998367107592163581, 1998367110188474554, 1998367114378568009",DRY RUN
noob2711_2001516805152739716,noob2711,10,35.0,"2001516805152739716, 2001520243857068264, 2001520345862541713, 2001524256971305237, 2001524407869841601, 2001548268547997790, 2001548387439825313, 2001548522404090013, 2001549264347107801, 2001553177326555438",DRY RUN
sedloe_2000452636202381661,sedloe,9,34.0,"2000452636202381661, 2000452639117500777, 2000452641797591056, 2000452644465266826, 2000452647326040529, 2000452650555351288, 2000452653432836492, 2000452656137969797, 2000452658994250104",DRY RUN
hamil13_2001515988869579101,hamil13,8,32.0,"2001515988869579101, 2001515991763660963, 2001515994578403337, 2001515997724135661, 2001516003763851409, 2001516006632550566, 2001516009383948455, 2001516012563542044",DRY RUN
hmd7ai_1943353617886376423,hmd7ai,8,31.0,"1943353634575523868, 1943353632746795312, 1943353630729318512, 1943353626883162622, 1943353622827274598, 1943353620680130620, 1943353617886376423, 1943353624882508177",DRY RUN
jarvis779_1918197265224876477,jarvis779,6,25.0,"1918198374165282896, 1918197265224876477, 1918197510482608185, 1918197665235648608, 1918197775180972286, 1918197898061463656",DRY RUN
sedloe_2000444258705404180,sedloe,5,24.0,"2000444258705404180, 2000444262366745038, 2000444264736571643, 2000444267131506950, 2000444269602243045",DRY RUN
hmd7ai_1931597043132248525,hmd7ai,8,24.0,"1931597062014894244, 1931597060085551369, 1931597058344919255, 1931597056461648352, 1931597054649745548, 1931597053030744526, 1931597051051082234, 1931597043132248525",DRY RUN
chiefdahunsi_1999293504854630616,chiefdahunsi,7,22.0,"1999293504854630616, 1999293507022778701, 1999293509090656699, 1999293511284457718, 1999293513574547565, 1999293515835277612, 1999293518108590397",DRY RUN
sedloe_2001515489218961696,sedloe,7,22.0,"2001515489218961696, 2001515492205273220, 2001515498706522526, 2001515501910986997, 2001515505006288942, 2001515508516925569, 2001515512195342564",DRY RUN
hdm368358_1998508736034517403,hdm368358,5,21.0,"1998508736034517403, 1998508738769224137, 1998508741403226503, 1998508744037249450, 1998508746524488183",DRY RUN
hdm368358_1998893738610057538,hdm368358,5,21.0,"1998893743244755087, 1998893747845869609, 1998893750492479707, 1998893753176830060, 1998893765097140476",DRY RUN
noob2711_1997336424597893523,noob2711,6,19.0,"1997336424597893523, 1997342798664872162, 1997348556009767043, 1997348958226788399, 1997350200105730216, 1997350514598768771",DRY RUN
jarvis779_1928446206579253648,jarvis779,4,18.0,"1928446206579253648, 1928446344475066853, 1928446427614904512, 1928446577821282489",DRY RUN
hdm368358_1999572013355012137,hdm368358,4,18.0,"1999572015980675382, 1999572018186928348, 1999572020472721733, 1999572022582456380",DRY RUN
jes6069_2000274998074962156,jes6069,5,18.0,"2000274998074962156, 2000275001778315486, 2000275004160668015, 2000275006631125410, 2000275009210593529",DRY RUN
jarvis779_1923259180758053290,jarvis779,4,17.0,"1923259180758053290, 1923259315676201309, 1923259430155522503, 1923259562016055687",DRY RUN
jimmy9177_1999884471621837143,jimmy9177,5,17.0,"1999884471621837143, 1999884474465878216, 1999884476936274177, 1999884479343870223, 1999884481810043018",DRY RUN
hmd7ai_1944190241687949681,hmd7ai,4,17.0,"1944190247689978239, 1944190245907370179, 1944190244019900528, 1944190241687949681",DRY RUN
hossein7491_2000277624585642177,hossein7491,4,17.0,"2000277633821528169, 2000277631145562145, 2000277627135819945, 2000277624585642177",DRY RUN
hossein7491_1999180126366658977,hossein7491,3,15.0,"1999180126366658977, 1999180129575022943, 1999180209870786947",DRY RUN
kejan3612_2000149248957141299,kejan3612,4,15.0,"2000149248957141299, 2000149253516296401, 2000149257052127569, 2000149260504059947",DRY RUN
jarvis779_1914991831999283496,jarvis779,4,15.0,"1914991831999283496, 1914992036253675700, 1914992219616088443, 1914992342345674790",DRY RUN
hmd7ai_1929422646640250914,hmd7ai,4,15.0,"1929422653032481094, 1929422651195261361, 1929422649081405597, 1929422646640250914",DRY RUN
jarvis779_1920295489804599671,jarvis779,3,14.0,"1920295489804599671, 1920295604971868596, 1920295861692580196",DRY RUN
rezamahd3_2000136317393682910,rezamahd3,3,14.0,"2000136317393682910, 2000140607612649755, 2000227322171912683",DRY RUN
hmd7ai_1936653492128481509,hmd7ai,6,14.0,"1936653505340617000, 1936653503478522251, 1936653501566009745, 1936653496192802936, 1936653494389186713, 1936653492128481509",DRY RUN
hossein7491_2000673661640949899,hossein7491,3,14.0,"2000673661640949899, 2000673679986864580, 2000673683430351212",DRY RUN
hossein7491_1978955230109729227,hossein7491,3,13.0,"1978955237055455462, 1978955230109729227, 1978955234006192418",DRY RUN
jarvis779_1924112242813059311,jarvis779,3,13.0,"1924112242813059311, 1924112378666570160, 1924112939856093228",DRY RUN
hdm368358_1999120475612434739,hdm368358,3,13.0,"1999120479039185084, 1999120482394636747, 1999120489877217324",DRY RUN
hmd7ai_1930861481005879713,hmd7ai,3,13.0,"1930861490300420264, 1930861488681414924, 1930861481005879713",DRY RUN
rezamahd3_2001979584007528632,rezamahd3,3,13.0,"2001979584007528632, 2001979586348003802, 2001979588671611131",DRY RUN
jarvis779_1924889819760734405,jarvis779,3,12.0,"1924889819760734405, 1924889925801148642, 1924890024811889163",DRY RUN
jarvis779_1924406151904641278,jarvis779,3,12.0,"1924406151904641278, 1924406299770654930, 1924406472777314540",DRY RUN
jarvis779_1919801936326607103,jarvis779,4,12.0,"1919802073950122256, 1919802189591044167, 1919802533364826158, 1919801936326607103",DRY RUN
hossein7491_2000589145232515150,hossein7491,3,12.0,"2000589150311903427, 2000589147799523668, 2000589145232515150",DRY RUN
hmd7ai_1930139221257277572,hmd7ai,3,12.0,"1930139229918576791, 1930139223677427873, 1930139221257277572",DRY RUN
hossein7491_1975582125064921109,hossein7491,3,11.0,"1975582125064921109, 1975582140508348772, 1975582127769956767",DRY RUN
hossein7491_1974841831528485180,hossein7491,4,11.0,"1974841831528485180, 1974841837589242101, 1974841843276726502, 1974841834833596644",DRY RUN
hossein7491_1972736813895983535,hossein7491,3,11.0,"1972736813895983535, 1972736817012379686, 1972736821462503500",DRY RUN
jarvis779_1930834481356927146,jarvis779,3,11.0,"1930834648399290626, 1930834802875445301, 1930834888179044821",DRY RUN
jarvis779_1918651636823548010,jarvis779,3,11.0,"1918651636823548010, 1918651771024794098, 1918651868181672255",DRY RUN
hossein7491_1974108541440126988,hossein7491,3,10.0,"1974108544179057033, 1974108541440126988, 1974108570674405519",DRY RUN
jarvis779_1928642173987365175,jarvis779,3,10.0,"1928642686262911202, 1928642403340300449, 1928642561494647140",DRY RUN
jarvis779_1919575524848108006,jarvis779,2,10.0,"1919575524848108006, 1919575912128933943",DRY RUN
zlyhkrn_1999899674850005308,zlyhkrn,5,10.0,"1999899674850005308, 1999899677240549480, 1999899679426044197, 1999899681623577077, 1999899683721023684",DRY RUN
hmd7ai_1933767569086812633,hmd7ai,2,10.0,"1933767571351769460, 1933767569086812633",DRY RUN
hossein7491_1977744460424396995,hossein7491,2,9.0,"1977744460424396995, 1977744480196293084",DRY RUN
hossein7491_1976545100294730039,hossein7491,2,9.0,"1976545100294730039, 1976545106615492773",DRY RUN
hossein7491_1975948206199513318,hossein7491,3,9.0,"1975948222679195850, 1975948208947036621, 1975948206199513318",DRY RUN
hossein7491_1974950033629069370,hossein7491,3,9.0,"1974950036481220737, 1974950049307349103, 1974950033629069370",DRY RUN
hossein7491_1979859616860377212,hossein7491,2,9.0,"1979859620442317259, 1979859616860377212",DRY RUN
hossein7491_1980998711699476790,hossein7491,2,9.0,"1980998730036953504, 1980998714996277263",DRY RUN
valtair_adanaan_1951664714397659235,valtair_adanaan,2,9.0,"1951664741471945173, 1951664737634124056",DRY RUN
chiefdahunsi_1998496306252374322,chiefdahunsi,2,9.0,"1998496306252374322, 1998496309888626935",DRY RUN
chiefdahunsi_1998556766687342900,chiefdahunsi,2,9.0,"1998556766687342900, 1998556769191424283",DRY RUN
hossein7491_1999118666609103067,hossein7491,2,9.0,"1999118666609103067, 1999118668962124118",DRY RUN
hossein7491_1999435682620801223,hossein7491,2,9.0,"1999435682620801223, 1999435730431680732",DRY RUN
rezamahd3_1908622844705091780,rezamahd3,3,9.0,"1908622844705091780, 2000210058781626524, 2000210990890131775",DRY RUN
rexa302_1907168450641805760,rexa302,2,9.0,"1907168454517588181, 2001548808241446916",DRY RUN
hdm368358_1999974386053623841,hdm368358,2,9.0,"1999974388536574108, 1999974386053623841",DRY RUN
hmd7ai_1945375505831661615,hmd7ai,2,9.0,"1945375510189449280, 1945375505831661615",DRY RUN
hossein7491_2000143379926012230,hossein7491,2,9.0,"2000143379926012230, 2000143415363645819",DRY RUN
hmd7ai_1934722726507200944,hmd7ai,2,9.0,"1934722728965115968, 1934722726507200944",DRY RUN
hossein7491_2000951793539539197,hossein7491,2,9.0,"2000951793539539197, 2000951844047347955",DRY RUN
favybristol_2001611493314281827,favybristol,2,9.0,"2001611493314281827, 2001611498552954955",DRY RUN
hossein7491_1984556226068562327,hossein7491,3,8.0,"1984556236226846944, 1984556228572270719, 1984556226068562327",DRY RUN
hossein7491_1983538135444422839,hossein7491,2,8.0,"1983538135444422839, 1983538139131150471",DRY RUN
hossein7491_1983245229688799421,hossein7491,2,8.0,"1983245229688799421, 1983245233308447032",DRY RUN
hossein7491_1977389367015395555,hossein7491,3,8.0,"1977389413756801481, 1977389370148565021, 1977389367015395555",DRY RUN
hossein7491_1976290463159386247,hossein7491,2,8.0,"1976290470507450801, 1976290465835053316",DRY RUN
hossein7491_1975685758036885571,hossein7491,3,8.0,"1975685758036885571, 1975685761614938584, 1975685797572714573",DRY RUN
hossein7491_1973514287420416463,hossein7491,2,8.0,"1973514287420416463, 1973514299491623237",DRY RUN
hossein7491_1981372754168279156,hossein7491,2,8.0,"1981372756663894265, 1981372759323340897",DRY RUN
hossein7491_1978013039522627784,hossein7491,2,8.0,"1978013070669865081, 1978013039522627784",DRY RUN
chiefdahunsi_1998087240590016603,chiefdahunsi,2,8.0,"1998087240590016603, 1998087242972283353",DRY RUN
chiefdahunsi_1998093117946515744,chiefdahunsi,2,8.0,"1998093117946515744, 1998093124175102091",DRY RUN
chiefdahunsi_1998494595521626237,chiefdahunsi,2,8.0,"1998494595521626237, 1998494600760275088",DRY RUN
chiefdahunsi_1998802850210804164,chiefdahunsi,2,8.0,"1998802850210804164, 1998802854790963428",DRY RUN
chiefdahunsi_1999296174562640144,chiefdahunsi,2,8.0,"1999296174562640144, 1999296176915644686",DRY RUN
chiefdahunsi_1999297858206568691,chiefdahunsi,2,8.0,"1999297858206568691, 1999297860589027796",DRY RUN
hdm368358_1999487871863189711,hdm368358,2,8.0,"1999487874367135964, 1999487877219328116",DRY RUN
hmd7ai_1946435487591219320,hmd7ai,3,8.0,"1946435491026354435, 1946435489327677864, 1946435487591219320",DRY RUN
chiefdahunsi_1999865618275893538,chiefdahunsi,2,8.0,"1999865618275893538, 1999865620700246102",DRY RUN
chiefdahunsi_1999874079529271425,chiefdahunsi,2,8.0,"1999874079529271425, 1999874081903321502",DRY RUN
chiefdahunsi_1999878032870543494,chiefdahunsi,2,8.0,"1999878032870543494, 1999878035118735596",DRY RUN
hmd7ai_1941228259632611526,hmd7ai,2,8.0,"1941228262295998587, 1941228259632611526",DRY RUN
hmd7ai_1932590782411636893,hmd7ai,2,8.0,"1932590784806564149, 1932590782411636893",DRY RUN
hmd7ai_1928716731331002387,hmd7ai,3,8.0,"1928716735508521181, 1928716733805666659, 1928716731331002387",DRY RUN
favybristol_2000905176987668710,favybristol,3,8.0,"2000905176987668710, 2000905181009953217, 2000905184915153147",DRY RUN
hmd7ai_1924339069741387958,hmd7ai,2,8.0,"1924339075613409350, 1924339069741387958",DRY RUN
hmd7ai_1923274511073284203,hmd7ai,2,8.0,"1923274514994954559, 1923274513166245993",DRY RUN
hossein7491_1984286644888129645,hossein7491,2,7.0,"1984286644888129645, 1984286647610192327",DRY RUN
hossein7491_1974238783055802856,hossein7491,3,7.0,"1974238795080831179, 1974238783055802856, 1974238799073779900",DRY RUN
chiefdahunsi_1998088927241220498,chiefdahunsi,3,7.0,"1998088927241220498, 1998088929451626916, 1998090002056831384",DRY RUN
chiefdahunsi_1998497329842893303,chiefdahunsi,2,7.0,"1998497329842893303, 1998497332418195521",DRY RUN
chiefdahunsi_1998794168035061789,chiefdahunsi,2,7.0,"1998794168035061789, 1998794170857857250",DRY RUN
chiefdahunsi_1998797351725744394,chiefdahunsi,2,7.0,"1998797351725744394, 1998797354548473863",DRY RUN
chiefdahunsi_1999295606620324056,chiefdahunsi,2,7.0,"1999295606620324056, 1999295609162072332",DRY RUN
chiefdahunsi_1999868795536752978,chiefdahunsi,2,7.0,"1999868795536752978, 1999868797784887786",DRY RUN
chiefdahunsi_1999875037885841902,chiefdahunsi,2,7.0,"1999875037885841902, 1999875040226295995",DRY RUN
chiefdahunsi_1999879261390557413,chiefdahunsi,2,7.0,"1999879261390557413, 1999879264062333246",DRY RUN
hossein7491_1975293459771891847,hossein7491,2,6.0,"1975293500511166529, 1975293459771891847",DRY RUN
chiefdahunsi_1998094518676316455,chiefdahunsi,2,6.0,"1998094518676316455, 1998094522526658859",DRY RUN
chiefdahunsi_1998342907791564880,chiefdahunsi,2,6.0,"1998342907791564880, 1998342910912110714",DRY RUN
chiefdahunsi_1998350468729209131,chiefdahunsi,2,6.0,"1998350468729209131, 1998350472030105606",DRY RUN
chiefdahunsi_1998351555590754763,chiefdahunsi,2,6.0,"1998351555590754763, 1998351558698778800",DRY RUN
chiefdahunsi_1998353513668030957,chiefdahunsi,2,6.0,"1998353513668030957, 1998353518114037809",DRY RUN
chiefdahunsi_1998495304178696606,chiefdahunsi,2,6.0,"1998495304178696606, 1998495308121010541",DRY RUN
chiefdahunsi_1998498205655511249,chiefdahunsi,2,6.0,"1998498205655511249, 1998498208125956568",DRY RUN
chiefdahunsi_1998561587024773571,chiefdahunsi,2,6.0,"1998561587024773571, 1998561589356597351",DRY RUN
chiefdahunsi_1998796150791614733,chiefdahunsi,2,6.0,"1998796150791614733, 1998796153324974418",DRY RUN
chiefdahunsi_1998797878505123916,chiefdahunsi,2,6.0,"1998797878505123916, 1998797882497892600",DRY RUN
chiefdahunsi_1998801837571584442,chiefdahunsi,2,6.0,"1998801837571584442, 1998801840105042179",DRY RUN
chiefdahunsi_1998914250560122881,chiefdahunsi,2,6.0,"1998914250560122881, 1998914252908929278",DRY RUN
chiefdahunsi_1998914590810558973,chiefdahunsi,2,6.0,"1998914590810558973, 1998914593071231217",DRY RUN
chiefdahunsi_1998916903180681340,chiefdahunsi,2,6.0,"1998916903180681340, 1998916905659506793",DRY RUN
chiefdahunsi_1998918022258634978,chiefdahunsi,2,6.0,"1998918022258634978, 1998918024515170440",DRY RUN
chiefdahunsi_1999295199126974867,chiefdahunsi,2,6.0,"1999295199126974867, 1999295201517703485",DRY RUN
chiefdahunsi_1999298618818170982,chiefdahunsi,2,6.0,"1999298618818170982, 1999298621087609143",DRY RUN
hmd7ai_1947180987814642018,hmd7ai,3,6.0,"1947180987814642018, 1947180990079594636, 1947180993510510800",DRY RUN
chiefdahunsi_1999869914690318798,chiefdahunsi,2,6.0,"1999869914690318798, 1999869917173314032",DRY RUN
chiefdahunsi_1999875777740083535,chiefdahunsi,2,6.0,"1999875777740083535, 1999875780084670652",DRY RUN
chiefdahunsi_1999880392556290086,chiefdahunsi,2,6.0,"1999880392556290086, 1999880394758668401",DRY RUN
chiefdahunsi_1999880868861755783,chiefdahunsi,2,6.0,"1999880868861755783, 1999880871164420241",DRY RUN
chiefdahunsi_2000170762993553499,chiefdahunsi,2,6.0,"2000170762993553499, 2000170765636051128",DRY RUN
rexa302_1996647360999682097,rexa302,2,5.0,"1997587098195407148, 1997617407578505478",DRY RUN
hossein7491_1979639245292884288,hossein7491,2,5.0,"1979639251903078577, 1979639245292884288",DRY RUN
chiefdahunsi_1998091302337208366,chiefdahunsi,2,5.0,"1998091302337208366, 1998091306883821613",DRY RUN
chiefdahunsi_1998098925010784323,chiefdahunsi,2,5.0,"1998098925010784323, 1998098930807226418",DRY RUN
chiefdahunsi_1998562533788053745,chiefdahunsi,2,5.0,"1998562533788053745, 1998562536145432691",DRY RUN
chiefdahunsi_1998916208733888840,chiefdahunsi,2,5.0,"1998916208733888840, 1998916211061776841",DRY RUN
chiefdahunsi_1998917371134882106,chiefdahunsi,2,5.0,"1998917371134882106, 1998917373462761559",DRY RUN
jarvis779_1922641434663862327,jarvis779,2,5.0,"1922641434663862327, 1922641736540541096",DRY RUN
favybristol_2000505939951280526,favybristol,2,5.0,"2000505939951280526, 2000505948901912645",DRY RUN
chiefdahunsi_1998796891627335748,chiefdahunsi,2,4.0,"1998796891627335748, 1998796894362087835",DRY RUN
chiefdahunsi_1998803464470843672,chiefdahunsi,2,4.0,"1998803464470843672, 1998803467197100172",DRY RUN
chiefdahunsi_1998915667270185389,chiefdahunsi,2,4.0,"1998915667270185389, 1998915669807739052",DRY RUN
chiefdahunsi_1999299342117777488,chiefdahunsi,2,4.0,"1999299342117777488, 1999299344546365531",DRY RUN
hmd7ai_1939430056004325403,hmd7ai,2,4.0,"1939430060747800846, 1939430056004325403",DRY RUN
kejan3612_2000283399207170149,kejan3612,3,4.0,"2000283399207170149, 2000283402730406404, 2000283406761140663",DRY RUN
zlyhkrn_2000603545192849520,zlyhkrn,4,4.0,"2000603545192849520, 2000603548145639632, 2000603550997708982, 2000603554005074125",DRY RUN
hossein7491_1977858989669925180,hossein7491,2,3.0,"1977859016811237647, 1977858989669925180",DRY RUN
chiefdahunsi_1998499214658249136,chiefdahunsi,2,3.0,"1998499214658249136, 1998499217166447098",DRY RUN
chiefdahunsi_1999881356214751492,chiefdahunsi,2,2.0,"1999881356214751492, 1999881358550958462",DRY RUN
chiefdahunsi_1998499977060896939,chiefdahunsi,2,0.0,"1998499977060896939, 1998499979162239296",DRY RUN
hossein7491_1998891146161119648,hossein7491,2,0.0,"1998891146161119648, 1998891149059305608",DRY RUN
hossein7491_2000281159008174151,hossein7491,2,0.0,"2000281159008174151, 2000281161487024362",DRY RUN
